{"snappedPoints":[{"locXF8dmvzYReuZsUj-jWDI"},{"location":{"latitude":26.623165899999996,"longitude":106.6450708},"placeId":"ChIJxZkXF8dmvzYReuZsUj-jWDI"},{"location":{"latitude":26.623165899999996,"longitude":106.6450708},"placeId":"ChIJRVrrFMdmvzYRcHzbBurV2-c"},{"location":{"latitude":26.6236566,"longitude":106.6450654},"placeId":"ChIJRVrrFMdmvzYRcHzbBurV2-c"},{"location":{"latitude":26.6236566,"longitude":106.6450654},"placeId":"ChIJQweYa8dmvzYRA0_luw3rkJU"},{"location":{"latitude":26.6238302,"longitude":106.64506349999999},"placeId":"ChIJQweYa8dmvzYRA0_luw3rkJU"},{"location":{"latitude":26.6238302,"longitude":106.64506349999999},"placeId":"ChIJqSOSlLhmvzYRC78xOveSAjE"},{"location":{"latitude":26.625093899127965,"longitude":106.64504899976184},"originalIndex":1,"placeId":"ChIJqSOSlLhmvzYRC78xOveSAjE"},{"location":{"latitude":26.6253989,"longitude":106.6450455},"placeId":"ChIJqSOSlLhmvzYRC78xOveSAjE"},{"location":{"latitude":26.6263008,"longitude":106.64504029999999},"placeId":"ChIJqSOSlLhmvzYRC78xOveSAjE"},{"location":{"latitude":26.627280876865544,"longitude":106.64502680749465},"originalIndex":2,"placeId":"ChIJqSOSlLhmvzYRC78xOveSAjE"},{"location":{"latitude":26.6275865,"longitude":106.64502259999999},"placeId":"ChIJqSOSlLhmvzYRC78xOveSAjE"},{"location":{"latitude":26.628082399999997,"longitude":106.6450223},"placeId":"ChIJqSOSlLhmvzYRC78xOveSAjE"},{"location":{"latitude":26.628082399999997,"longitude":106.6450223},"placeId":"ChIJRRyyHrlmvzYRyx4XdgFfGxw"},{"location":{"latitude":26.628227700000004,"longitude":106.6450227},"placeId":"ChIJRRyyHrlmvzYRyx4XdgFfGxw"},{"location":{"latitude":26.628227700000004,"longitude":106.6450227},"placeId":"ChIJAULtGblmvzYRh-3rg5v7JFA"},{"location":{"latitude":26.6287916,"longitude":106.64502329999999},"placeId":"ChIJAULtGblmvzYRh-3rg5v7JFA"},{"location":{"latitude":26.6287916,"longitude":106.64502329999999},"placeId":"ChIJU6_T6LtmvzYRK-FpTG3AazE"},{"location":{"latitude":26.629694099999995,"longitude":106.64503889999999},"placeId":"ChIJU6_T6LtmvzYRK-FpTG3AazE"},{"location":{"latitude":26.62983220133752,"longitude":106.64504070316248},"originalIndex":3,"placeId":"ChIJU6_T6LtmvzYRK-FpTG3AazE"},{"location":{"latitude":26.6300847,"longitude":106.645044},"placeId":"ChIJU6_T6LtmvzYRK-FpTG3AazE"},{"location":{"latitude":26.6310969,"longitude":106.64507979999999},"placeId":"ChIJU6_T6LtmvzYRK-FpTG3AazE"},{"location":{"latitude":26.6317001,"longitude":106.6451742},"placeId":"ChIJU6_T6LtmvzYRK-FpTG3AazE"},{"location":{"latitude":26.63186633647786,"longitude":106.645229739635},"originalIndex":4,"placeId":"ChIJU6_T6LtmvzYRK-FpTG3AazE"},{"location":{"latitude":26.632264299999996,"longitude":106.64536269999999},"placeId":"ChIJU6_T6LtmvzYRK-FpTG3AazE"},{"location":{"latitude":26.63299136267526,"longitude":106.64574908112453},"originalIndex":5,"placeId":"ChIJU6_T6LtmvzYRK-FpTG3AazE"},{"location":{"latitude":26.63319179999999,"longitude":106.64585559999999},"placeId":"ChIJU6_T6LtmvzYRK-FpTG3AazE"},{"location":{"latitude":26.634011699999995,"longitude":106.6463714},"placeId":"ChIJU6_T6LtmvzYRK-FpTG3AazE"},{"location":{"latitude":26.634011699999995,"longitude":106.6463714},"placeId":"ChIJB7afY7tmvzYRhzYotAuW0-c"},{"location":{"latitude":26.63414660372891,"longitude":106.64645676162671},"originalIndex":6,"placeId":"ChIJB7afY7tmvzYRhzYotAuW0-c"},{"location":{"latitude":26.6345721,"longitude":106.646726},"placeId":"ChIJB7afY7tmvzYRhzYotAuW0-c"},{"location":{"latitude":26.6345721,"longitude":106.646726},"placeId":"ChIJl9cEoLxmvzYRDto1_0Bx64U"},{"location":{"latitude":26.634917932527653,"longitude":106.64694212730885},"originalIndex":7,"placeId":"ChIJl9cEoLxmvzYRDto1_0Bx64U"}]}ation":{"latitude":26.622831143612743,"longitude":106.64507485064362},"originalIndex":0,"placeId":"ChIJxZk